[
    {
        "id":  "portret",
        "title":  "Portretfotografie",
        "slug":  "portret",
        "description":  "Professionele portretfotografie die uw persoonlijkheid en unieke uitstraling vastlegt. Perfect voor profielfoto\u0027s, zakelijke portretten en persoonlijke shoots.",
        "coverImage":  "https://images.unsplash.com/photo-1531746020798-e6953c6e8e04?w=1200\u0026h=800\u0026fit=crop",
        "category":  "portret",
        "featured":  true,
        "photos":  [
                       "portret-1",
                       "portret-2",
                       "portret-3",
                       "portret-4",
                       "portret-5",
                       "portret-6"
                   ]
    },
    {
        "id":  "evenement",
        "title":  "Evenementfotografie",
        "slug":  "evenement",
        "description":  "Dynamische evenementfotografie voor bedrijfsevents, feesten, conferenties en meer. Ik vang de sfeer en energie van elk evenement.",
        "coverImage":  "https://images.unsplash.com/photo-1540575467063-178a50c2df87?w=1200\u0026h=800\u0026fit=crop",
        "category":  "evenement",
        "featured":  true,
        "photos":  [
                       "evenement-1",
                       "evenement-2",
                       "evenement-3",
                       "evenement-4",
                       "evenement-5",
                       "evenement-6"
                   ]
    },
    {
        "id":  "natuur",
        "title":  "Fotoshoot op locatie",
        "slug":  "natuur",
        "description":  "Professionele fotoshoots op locatie die de schoonheid van de omgeving en het moment vastleggen. Van parken tot stedelijke settings.",
        "coverImage":  "https://images.unsplash.com/photo-1506744038136-46273834b3fb?w=1200\u0026h=800\u0026fit=crop",
        "category":  "natuur",
        "featured":  false,
        "photos":  [
                       "natuur-1",
                       "natuur-2",
                       "natuur-3",
                       "natuur-4",
                       "natuur-5",
                       "natuur-6"
                   ]
    },
    {
        "id":  "product",
        "title":  "Productfotografie",
        "slug":  "product",
        "description":  "Stijlvolle productfotografie die uw producten in het beste licht plaatst. Perfect voor e-commerce, catalogi en marketingmateriaal.",
        "coverImage":  "https://images.unsplash.com/photo-1523275335684-37898b6baf30?w=1200\u0026h=800\u0026fit=crop",
        "category":  "product",
        "featured":  false,
        "photos":  [
                       "product-1",
                       "product-2",
                       "product-3",
                       "product-4",
                       "product-5",
                       "product-6"
                   ]
    },
    {
        "id":  "familie",
        "title":  "Familiefotografie",
        "slug":  "familie",
        "description":  "Warme en spontane familiefotografie die de band tussen familieleden vastlegt. CreÃ«er herinneringen die een leven lang meegaan.",
        "coverImage":  "https://images.unsplash.com/photo-1511895426328-dc8714191300?w=1200\u0026h=800\u0026fit=crop",
        "category":  "familie",
        "featured":  false,
        "photos":  [
                       "familie-1",
                       "familie-2",
                       "familie-3",
                       "familie-4",
                       "familie-5",
                       "familie-6"
                   ]
    }
]
