[
    {
        "id":  "portret-1",
        "title":  "Natuurlijk portret",
        "slug":  "natuurlijk-portret",
        "description":  "Een natuurlijk portret in zachte belichting, met focus op expressie.",
        "albumId":  "portret",
        "src":  "https://images.unsplash.com/photo-1531746020798-e6953c6e8e04?w=1920\u0026h=1280\u0026fit=crop",
        "alt":  "Natuurlijk portret fotografie vrouw",
        "width":  1920,
        "height":  1280,
        "tags":  [
                     "portret",
                     "natuurlijk",
                     "studio"
                 ]
    },
    {
        "id":  "portret-2",
        "title":  "Zakelijk portret",
        "slug":  "zakelijk-portret",
        "description":  "Professioneel zakelijk portret voor LinkedIn en bedrijfscommunicatie.",
        "albumId":  "portret",
        "src":  "https://images.unsplash.com/photo-1507003211169-0a1dd7228f2d?w=1920\u0026h=1280\u0026fit=crop",
        "alt":  "Zakelijk portret man professioneel",
        "width":  1920,
        "height":  1280,
        "tags":  [
                     "portret",
                     "zakelijk",
                     "professioneel"
                 ]
    },
    {
        "id":  "portret-3",
        "title":  "Creatief portret",
        "slug":  "creatief-portret",
        "description":  "Artistiek portret met creatieve belichting en achtergrond.",
        "albumId":  "portret",
        "src":  "https://images.unsplash.com/photo-1534528741775-53994a69daeb?w=1920\u0026h=1280\u0026fit=crop",
        "alt":  "Creatief portret fotografie",
        "width":  1920,
        "height":  1280,
        "tags":  [
                     "portret",
                     "creatief",
                     "artistiek"
                 ]
    },
    {
        "id":  "portret-4",
        "title":  "Outdoor portret",
        "slug":  "outdoor-portret",
        "description":  "Portretfotografie in de natuur met prachtig natuurlijk licht.",
        "albumId":  "portret",
        "src":  "https://images.unsplash.com/photo-1524504388940-b1c1722653e1?w=1920\u0026h=1280\u0026fit=crop",
        "alt":  "Outdoor portret fotografie natuur",
        "width":  1920,
        "height":  1280,
        "tags":  [
                     "portret",
                     "outdoor",
                     "natuur"
                 ]
    },
    {
        "id":  "portret-5",
        "title":  "Studio portret",
        "slug":  "studio-portret",
        "description":  "Professionele studiofotografie met perfecte belichting.",
        "albumId":  "portret",
        "src":  "https://images.unsplash.com/photo-1506794778202-cad84cf45f1d?w=1920\u0026h=1280\u0026fit=crop",
        "alt":  "Studio portret professionele fotografie",
        "width":  1920,
        "height":  1280,
        "tags":  [
                     "portret",
                     "studio",
                     "professioneel"
                 ]
    },
    {
        "id":  "portret-6",
        "title":  "Modefotografie",
        "slug":  "modefotografie",
        "description":  "Fashion-geÃ¯nspireerd portret met aandacht voor stijl en compositie.",
        "albumId":  "portret",
        "src":  "https://images.unsplash.com/photo-1529626455594-4ff0802cfb7e?w=1920\u0026h=1280\u0026fit=crop",
        "alt":  "Mode portret fotografie fashion",
        "width":  1920,
        "height":  1280,
        "tags":  [
                     "portret",
                     "mode",
                     "fashion"
                 ]
    },
    {
        "id":  "evenement-1",
        "title":  "Conferentie",
        "slug":  "conferentie",
        "description":  "Professionele vastlegging van een bedrijfsconferentie.",
        "albumId":  "evenement",
        "src":  "https://images.unsplash.com/photo-1540575467063-178a50c2df87?w=1920\u0026h=1280\u0026fit=crop",
        "alt":  "Conferentie evenement fotografie",
        "width":  1920,
        "height":  1280,
        "tags":  [
                     "evenement",
                     "conferentie",
                     "zakelijk"
                 ]
    },
    {
        "id":  "evenement-2",
        "title":  "Muziekfestival",
        "slug":  "muziekfestival",
        "description":  "De energie en sfeer van een live muziekfestival.",
        "albumId":  "evenement",
        "src":  "https://images.unsplash.com/photo-1459749411175-04bf5292ceea?w=1920\u0026h=1280\u0026fit=crop",
        "alt":  "Muziekfestival concert fotografie",
        "width":  1920,
        "height":  1280,
        "tags":  [
                     "evenement",
                     "muziek",
                     "festival"
                 ]
    },
    {
        "id":  "evenement-3",
        "title":  "Bedrijfsfeest",
        "slug":  "bedrijfsfeest",
        "description":  "Spontane momenten vastgelegd tijdens een bedrijfsfeest.",
        "albumId":  "evenement",
        "src":  "https://images.unsplash.com/photo-1511578314322-379afb476865?w=1920\u0026h=1280\u0026fit=crop",
        "alt":  "Bedrijfsfeest evenement fotografie",
        "width":  1920,
        "height":  1280,
        "tags":  [
                     "evenement",
                     "feest",
                     "bedrijf"
                 ]
    },
    {
        "id":  "evenement-4",
        "title":  "Netwerkborrel",
        "slug":  "netwerkborrel",
        "description":  "Professionele vastlegging van een netwerkevenement.",
        "albumId":  "evenement",
        "src":  "https://images.unsplash.com/photo-1505236858219-8359eb29e329?w=1920\u0026h=1280\u0026fit=crop",
        "alt":  "Netwerk evenement fotografie",
        "width":  1920,
        "height":  1280,
        "tags":  [
                     "evenement",
                     "netwerk",
                     "zakelijk"
                 ]
    },
    {
        "id":  "evenement-5",
        "title":  "Gala avond",
        "slug":  "gala-avond",
        "description":  "Elegante fotografie van een gala-avond.",
        "albumId":  "evenement",
        "src":  "https://images.unsplash.com/photo-1492684223066-81342ee5ff30?w=1920\u0026h=1280\u0026fit=crop",
        "alt":  "Gala avond evenement fotografie",
        "width":  1920,
        "height":  1280,
        "tags":  [
                     "evenement",
                     "gala",
                     "elegant"
                 ]
    },
    {
        "id":  "evenement-6",
        "title":  "Sportief evenement",
        "slug":  "sportief-evenement",
        "description":  "Dynamische fotografie van sportevenementen.",
        "albumId":  "evenement",
        "src":  "https://images.unsplash.com/photo-1461896836934-bd45ba8a0a08?w=1920\u0026h=1280\u0026fit=crop",
        "alt":  "Sport evenement fotografie actie",
        "width":  1920,
        "height":  1280,
        "tags":  [
                     "evenement",
                     "sport",
                     "actie"
                 ]
    },
    {
        "id":  "natuur-1",
        "title":  "Berglandschap",
        "slug":  "berglandschap",
        "description":  "Majestueus berglandschap bij zonsopgang.",
        "albumId":  "natuur",
        "src":  "https://images.unsplash.com/photo-1506744038136-46273834b3fb?w=1920\u0026h=1280\u0026fit=crop",
        "alt":  "Berg landschap natuur fotografie",
        "width":  1920,
        "height":  1280,
        "tags":  [
                     "natuur",
                     "bergen",
                     "landschap"
                 ]
    },
    {
        "id":  "natuur-2",
        "title":  "Bos in de mist",
        "slug":  "bos-in-de-mist",
        "description":  "Mysterieus mistig bos in de vroege ochtend.",
        "albumId":  "natuur",
        "src":  "https://images.unsplash.com/photo-1448375240586-882707db888b?w=1920\u0026h=1280\u0026fit=crop",
        "alt":  "Mistig bos natuur fotografie",
        "width":  1920,
        "height":  1280,
        "tags":  [
                     "natuur",
                     "bos",
                     "mist"
                 ]
    },
    {
        "id":  "natuur-3",
        "title":  "Zonsondergang kust",
        "slug":  "zonsondergang-kust",
        "description":  "Spectaculaire zonsondergang aan de kust.",
        "albumId":  "natuur",
        "src":  "https://images.unsplash.com/photo-1507525428034-b723cf961d3e?w=1920\u0026h=1280\u0026fit=crop",
        "alt":  "Zonsondergang kust zee fotografie",
        "width":  1920,
        "height":  1280,
        "tags":  [
                     "natuur",
                     "zee",
                     "zonsondergang"
                 ]
    },
    {
        "id":  "natuur-4",
        "title":  "Bloemenveld",
        "slug":  "bloemenveld",
        "description":  "Kleurrijk bloemenveld in volle bloei.",
        "albumId":  "natuur",
        "src":  "https://images.unsplash.com/photo-1490750967868-88aa4f44baee?w=1920\u0026h=1280\u0026fit=crop",
        "alt":  "Bloemenveld natuur lente fotografie",
        "width":  1920,
        "height":  1280,
        "tags":  [
                     "natuur",
                     "bloemen",
                     "lente"
                 ]
    },
    {
        "id":  "natuur-5",
        "title":  "Waterval",
        "slug":  "waterval",
        "description":  "Krachtige waterval in een weelderig groen landschap.",
        "albumId":  "natuur",
        "src":  "https://images.unsplash.com/photo-1433086966358-54859d0ed716?w=1920\u0026h=1280\u0026fit=crop",
        "alt":  "Waterval natuur landschap fotografie",
        "width":  1920,
        "height":  1280,
        "tags":  [
                     "natuur",
                     "waterval",
                     "groen"
                 ]
    },
    {
        "id":  "natuur-6",
        "title":  "Sterrenhemel",
        "slug":  "sterrenhemel",
        "description":  "De melkweg gefotografeerd onder een heldere nachtelijke hemel.",
        "albumId":  "natuur",
        "src":  "https://images.unsplash.com/photo-1519681393784-d120267933ba?w=1920\u0026h=1280\u0026fit=crop",
        "alt":  "Sterrenhemel melkweg nachtfotografie",
        "width":  1920,
        "height":  1280,
        "tags":  [
                     "natuur",
                     "nacht",
                     "sterren"
                 ]
    },
    {
        "id":  "product-1",
        "title":  "Horloge",
        "slug":  "horloge",
        "description":  "Elegant horloge gefotografeerd met aandacht voor detail.",
        "albumId":  "product",
        "src":  "https://images.unsplash.com/photo-1523275335684-37898b6baf30?w=1920\u0026h=1280\u0026fit=crop",
        "alt":  "Product fotografie horloge detail",
        "width":  1920,
        "height":  1280,
        "tags":  [
                     "product",
                     "horloge",
                     "luxe"
                 ]
    },
    {
        "id":  "product-2",
        "title":  "Parfum",
        "slug":  "parfum",
        "description":  "Luxe parfumfles met creatieve belichting.",
        "albumId":  "product",
        "src":  "https://images.unsplash.com/photo-1541643600914-78b084683601?w=1920\u0026h=1280\u0026fit=crop",
        "alt":  "Product fotografie parfum luxe",
        "width":  1920,
        "height":  1280,
        "tags":  [
                     "product",
                     "parfum",
                     "luxe"
                 ]
    },
    {
        "id":  "product-3",
        "title":  "Schoenen",
        "slug":  "schoenen",
        "description":  "Stijlvolle schoenen in een minimalistische setting.",
        "albumId":  "product",
        "src":  "https://images.unsplash.com/photo-1542291026-7eec264c27ff?w=1920\u0026h=1280\u0026fit=crop",
        "alt":  "Product fotografie schoenen sneakers",
        "width":  1920,
        "height":  1280,
        "tags":  [
                     "product",
                     "schoenen",
                     "mode"
                 ]
    },
    {
        "id":  "product-4",
        "title":  "Sieraden",
        "slug":  "sieraden",
        "description":  "Fijne sieraden met schitterende macro-opnames.",
        "albumId":  "product",
        "src":  "https://images.unsplash.com/photo-1515562141589-67f0d569b6d2?w=1920\u0026h=1280\u0026fit=crop",
        "alt":  "Product fotografie sieraden goud",
        "width":  1920,
        "height":  1280,
        "tags":  [
                     "product",
                     "sieraden",
                     "macro"
                 ]
    },
    {
        "id":  "product-5",
        "title":  "Cosmetica",
        "slug":  "cosmetica",
        "description":  "Cosmetische producten stijlvol in beeld gebracht.",
        "albumId":  "product",
        "src":  "https://images.unsplash.com/photo-1596462502278-27bfdc403348?w=1920\u0026h=1280\u0026fit=crop",
        "alt":  "Product fotografie cosmetica beauty",
        "width":  1920,
        "height":  1280,
        "tags":  [
                     "product",
                     "cosmetica",
                     "beauty"
                 ]
    },
    {
        "id":  "product-6",
        "title":  "Elektronica",
        "slug":  "elektronica",
        "description":  "Moderne elektronica met een clean, minimalistische stijl.",
        "albumId":  "product",
        "src":  "https://images.unsplash.com/photo-1505740420928-5e560c06d30e?w=1920\u0026h=1280\u0026fit=crop",
        "alt":  "Product fotografie koptelefoon elektronica",
        "width":  1920,
        "height":  1280,
        "tags":  [
                     "product",
                     "elektronica",
                     "technologie"
                 ]
    },
    {
        "id":  "familie-1",
        "title":  "Gezinsportret",
        "slug":  "gezinsportret",
        "description":  "Warm gezinsportret in een ontspannen sfeer.",
        "albumId":  "familie",
        "src":  "https://images.unsplash.com/photo-1511895426328-dc8714191300?w=1920\u0026h=1280\u0026fit=crop",
        "alt":  "Familie portret gezin fotografie",
        "width":  1920,
        "height":  1280,
        "tags":  [
                     "familie",
                     "portret",
                     "gezin"
                 ]
    },
    {
        "id":  "familie-2",
        "title":  "Kinderfotografie",
        "slug":  "kinderfotografie",
        "description":  "Spontane kinderfotografie vol leven en plezier.",
        "albumId":  "familie",
        "src":  "https://images.unsplash.com/photo-1503454537195-1dcabb73ffb9?w=1920\u0026h=1280\u0026fit=crop",
        "alt":  "Kind portret spontaan fotografie",
        "width":  1920,
        "height":  1280,
        "tags":  [
                     "familie",
                     "kinderen",
                     "spontaan"
                 ]
    },
    {
        "id":  "familie-3",
        "title":  "Newborn",
        "slug":  "newborn",
        "description":  "Tedere newborn fotografie van de allerkleinsten.",
        "albumId":  "familie",
        "src":  "https://images.unsplash.com/photo-1519689680058-324335c77eba?w=1920\u0026h=1280\u0026fit=crop",
        "alt":  "Newborn baby fotografie",
        "width":  1920,
        "height":  1280,
        "tags":  [
                     "familie",
                     "newborn",
                     "baby"
                 ]
    },
    {
        "id":  "familie-4",
        "title":  "Generaties",
        "slug":  "generaties",
        "description":  "Drie generaties samengebracht in Ã©Ã©n beeld.",
        "albumId":  "familie",
        "src":  "https://images.unsplash.com/photo-1478098711619-5ab0b478d6e6?w=1920\u0026h=1280\u0026fit=crop",
        "alt":  "Familie generaties portret fotografie",
        "width":  1920,
        "height":  1280,
        "tags":  [
                     "familie",
                     "generaties"
                 ]
    },
    {
        "id":  "familie-5",
        "title":  "Speeltijd",
        "slug":  "speeltijd",
        "description":  "Vrolijk moment van samen spelen in het park.",
        "albumId":  "familie",
        "src":  "https://images.unsplash.com/photo-1476234251651-f353703a034d?w=1920\u0026h=1280\u0026fit=crop",
        "alt":  "Familie spelen park outdoor fotografie",
        "width":  1920,
        "height":  1280,
        "tags":  [
                     "familie",
                     "spelen",
                     "outdoor"
                 ]
    },
    {
        "id":  "familie-6",
        "title":  "Familiewandeling",
        "slug":  "familiewandeling",
        "description":  "Gezellige familiewandeling door de natuur.",
        "albumId":  "familie",
        "src":  "https://images.unsplash.com/photo-1475503572774-15a45e5d60b9?w=1920\u0026h=1280\u0026fit=crop",
        "alt":  "Familie wandeling natuur samen fotografie",
        "width":  1920,
        "height":  1280,
        "tags":  [
                     "familie",
                     "wandelen",
                     "natuur"
                 ]
    }
]
