[
    {
        "id":  "1",
        "name":  "Sarah \u0026 Michiel",
        "title":  "Fotoshoot in Antwerpen",
        "description":  "Tigran heeft onze fotoshoot op de meest professionele manier vastgelegd. Elke foto vertelt een verhaal. Absoluut de beste keuze die we konden maken!",
        "rating":  5
    },
    {
        "id":  "2",
        "name":  "Annelies De Vos",
        "title":  "Portretfotografie",
        "description":  "Ik voelde me meteen op mijn gemak voor de camera. De foto\u0027s zijn natuurlijk en professioneel â€” precies wat ik zocht voor mijn portfolio. Heel blij met het resultaat!",
        "rating":  5
    },
    {
        "id":  "3",
        "name":  "Jan Peeters",
        "title":  "Bedrijfsevenement Gent",
        "description":  "Uitstekende samenwerking! Tigran was discreet aanwezig op ons bedrijfsevenement en leverde schitterende beelden die perfect onze bedrijfscultuur weergeven.",
        "rating":  5
    }
]
